{
  "hyperparameters": {
    "seq_len": 20,
    "hidden_size": 50,
    "num_layers": 2,
    "dropout": 0.2,
    "batch_size": 64,
    "learning_rate": 0.001,
    "epochs": 50
  },
  "train_losses": [
    0.6932677013317127,
    0.6932461016095686,
    0.693220782128538,
    0.6931627933290868,
    0.6931535680696168,
    0.6931505465305601,
    0.6931434930338352
  ],
  "val_losses": [
    0.6931818613880559,
    0.6930725621549707,
    0.6934147381076687,
    0.6930868409966168,
    0.6936342086839048,
    0.6934267927549387,
    0.6936691613181641
  ],
  "train_accuracies": [
    0.5028016765938672,
    0.5005625413633356,
    0.5014670196337966,
    0.5026472534745202,
    0.5026141628060887,
    0.5018530774321641,
    0.5013677476285021
  ],
  "val_accuracies": [
    0.4938182567484031,
    0.5062847723057903,
    0.4937152276942098,
    0.5062847723057903,
    0.4937152276942098,
    0.5002575726354832,
    0.499278796620647
  ],
  "final_metrics": {
    "train_accuracy": 0.5013677476285021,
    "val_accuracy": 0.499278796620647
  }
}