{
  "config": {
    "strategy": {
      "slBuffer": 0.15,
      "takeProfitPct": 0.0125,
      "requireRejection": false,
      "requireCleanApproach": false,
      "adxThreshold": 30
    },
    "backtest": {
      "initialBalance": 1000,
      "stakePct": 0.04,
      "multiplier": 500,
      "maxBarsInTrade": 20
    }
  },
  "basicMetrics": {
    "totalTrades": 4386,
    "wins": 1347,
    "losses": 3039,
    "winRate": 30.71135430916553,
    "netPnL": 2756.7151919494245,
    "profitFactor": 1.1599592553344764,
    "expectancy": 0.6285260355561844,
    "avgWin": 14.840812038171059,
    "avgLoss": 5.670897868860478,
    "winLossRatio": 2.6170127520129722,
    "tradesPerDay": 11.98360655737705
  },
  "streakAnalysis": {
    "maxWinStreak": 6,
    "maxLoseStreak": 20,
    "avgWinStreak": 1.4178947368421053,
    "avgLoseStreak": 3.195583596214511,
    "winStreakDistribution": {
      "1": 681,
      "2": 186,
      "3": 53,
      "4": 17,
      "5": 11,
      "6": 2
    },
    "loseStreakDistribution": {
      "1": 303,
      "2": 213,
      "3": 124,
      "4": 100,
      "5": 69,
      "6": 41,
      "7": 38,
      "8": 14,
      "9": 11,
      "10": 10,
      "11": 6,
      "12": 9,
      "13": 3,
      "14": 5,
      "15": 1,
      "17": 2,
      "18": 1,
      "20": 1
    },
    "recoveryDays": [
      1,
      1,
      1,
      1,
      1,
      1,
      1,
      1,
      1,
      1,
      1,
      1,
      2,
      1,
      3,
      4,
      1,
      1,
      1,
      1,
      1,
      1,
      1,
      2,
      19,
      1,
      1,
      4,
      1,
      1,
      1,
      1,
      7,
      1,
      1,
      1,
      1,
      1,
      1,
      1,
      11,
      1,
      9,
      8,
      1,
      1,
      1,
      3,
      1,
      5,
      1,
      1,
      21,
      1,
      7,
      1,
      1,
      3,
      2,
      1,
      3,
      1,
      1,
      2,
      29,
      26,
      9,
      1,
      1,
      1,
      6,
      6,
      1,
      1,
      1,
      1,
      1,
      1,
      1,
      4,
      1,
      1,
      9,
      5,
      1,
      1,
      7,
      1,
      1,
      1,
      1,
      1,
      2,
      1,
      1,
      1,
      1,
      1,
      3,
      1,
      1,
      3,
      4,
      1,
      20,
      1,
      1,
      1,
      1,
      6,
      1,
      1,
      1,
      1,
      1,
      1,
      1,
      3,
      2,
      1,
      2
    ]
  },
  "monthlyAnalysis": [
    {
      "month": "2024-11",
      "trades": 55,
      "wins": 21,
      "winRate": 38.18181818181819,
      "pnl": 105.35915315866383,
      "maxDrawdown": 4.859229627201853
    },
    {
      "month": "2024-12",
      "trades": 369,
      "wins": 119,
      "winRate": 32.24932249322493,
      "pnl": 410.7552727379322,
      "maxDrawdown": 12.500258083609209
    },
    {
      "month": "2025-01",
      "trades": 366,
      "wins": 103,
      "winRate": 28.142076502732237,
      "pnl": 323.6988246538014,
      "maxDrawdown": 13.856792097091578
    },
    {
      "month": "2025-02",
      "trades": 324,
      "wins": 90,
      "winRate": 27.77777777777778,
      "pnl": 220.30832989575063,
      "maxDrawdown": 13.154879207638004
    },
    {
      "month": "2025-03",
      "trades": 359,
      "wins": 118,
      "winRate": 32.86908077994429,
      "pnl": 122.46270529375178,
      "maxDrawdown": 21.61491088531107
    },
    {
      "month": "2025-04",
      "trades": 355,
      "wins": 106,
      "winRate": 29.859154929577464,
      "pnl": 79.88761840737324,
      "maxDrawdown": 39.67156772898048
    },
    {
      "month": "2025-05",
      "trades": 373,
      "wins": 119,
      "winRate": 31.903485254691688,
      "pnl": 279.4950570176671,
      "maxDrawdown": 17.526413973336727
    },
    {
      "month": "2025-06",
      "trades": 370,
      "wins": 120,
      "winRate": 32.432432432432435,
      "pnl": 500.153819053049,
      "maxDrawdown": 14.056407046790916
    },
    {
      "month": "2025-07",
      "trades": 371,
      "wins": 116,
      "winRate": 31.266846361185983,
      "pnl": 302.7886932347268,
      "maxDrawdown": 11.515636187427509
    },
    {
      "month": "2025-08",
      "trades": 336,
      "wins": 89,
      "winRate": 26.488095238095237,
      "pnl": 262.2786733425385,
      "maxDrawdown": 12.47184476947461
    },
    {
      "month": "2025-09",
      "trades": 373,
      "wins": 113,
      "winRate": 30.29490616621984,
      "pnl": 83.49833299023253,
      "maxDrawdown": 19.699438844326835
    },
    {
      "month": "2025-10",
      "trades": 406,
      "wins": 128,
      "winRate": 31.527093596059114,
      "pnl": -32.33037954042791,
      "maxDrawdown": 15.04787684413904
    },
    {
      "month": "2025-11",
      "trades": 329,
      "wins": 105,
      "winRate": 31.914893617021278,
      "pnl": 98.359091704363,
      "maxDrawdown": 12.191854586732143
    }
  ],
  "sessionAnalysis": [
    {
      "session": "OVERLAP",
      "trades": 554,
      "wins": 175,
      "winRate": 31.5884476534296,
      "pnl": 1068.372532429948,
      "avgPnl": 1.9284702751443106,
      "maxDrawdown": 11.049060164783969,
      "profitFactor": 1.3270049079246882
    },
    {
      "session": "ASIAN",
      "trades": 1369,
      "wins": 404,
      "winRate": 29.510591672753833,
      "pnl": 696.6695130179751,
      "avgPnl": 0.5088893447903398,
      "maxDrawdown": 14.515121920072795,
      "profitFactor": 1.162058991899062
    },
    {
      "session": "LONDON",
      "trades": 1222,
      "wins": 360,
      "winRate": 29.45990180032733,
      "pnl": 554.5885738204843,
      "avgPnl": 0.45383680345375144,
      "maxDrawdown": 48.714260764759416,
      "profitFactor": 1.096756885859047
    },
    {
      "session": "NY",
      "trades": 882,
      "wins": 290,
      "winRate": 32.87981859410431,
      "pnl": 399.3347627357566,
      "avgPnl": 0.452760501967978,
      "maxDrawdown": 15.25058065455812,
      "profitFactor": 1.130909679051797
    }
  ],
  "riskMetrics": {
    "sharpeRatio": 3.0289604579389287,
    "sortinoRatio": 3.6479722047437777,
    "calmarRatio": 13.170861888882593,
    "profitFactor": 1.1599592553344764,
    "riskOfRuin": 0.0006355810073701788,
    "maxConsecutiveLosses": 20,
    "avgRecoveryDays": 2.8595041322314048
  },
  "recommendations": [
    "⚠️ Win rate bajo (30.7%). Típico de scalping, pero requiere W/L ratio alto.",
    "✅ Win/Loss ratio de 2.62 compensa el win rate bajo.",
    "🔴 Max losing streak de 20 trades es alto. Considerar reducir stake o agregar filtros.",
    "✅ 12/13 meses positivos. Buena consistencia.",
    "✅ Sharpe Ratio 3.03 es aceptable.",
    "🟢 Estrategia viable para forward testing con stake conservador (2-3%)."
  ]
}