{
  "config": {
    "strategy": {
      "kcEmaPeriod": 20,
      "kcAtrPeriod": 14,
      "kcMultiplier": 1.5,
      "rsiOversold": 35,
      "rsiOverbought": 65,
      "slMultiplier": 1,
      "maxBars": 15,
      "adxThreshold": 30
    },
    "backtest": {
      "initialBalance": 1000,
      "stakePct": 0.04,
      "multiplier": 300,
      "maxBarsInTrade": 15
    }
  },
  "basicMetrics": {
    "totalTrades": 2798,
    "wins": 983,
    "losses": 1815,
    "winRate": 35.13223731236598,
    "netPnL": 1145.072013109815,
    "profitFactor": 1.1495887741200772,
    "expectancy": 0.409246609403079,
    "avgWin": 8.952056063551927,
    "avgLoss": 4.217520163835664,
    "winLossRatio": 2.122587614473998,
    "tradesPerDay": 7.644808743169399
  },
  "streakAnalysis": {
    "maxWinStreak": 6,
    "maxLoseStreak": 16,
    "avgWinStreak": 1.5053598774885146,
    "avgLoseStreak": 2.77947932618683,
    "winStreakDistribution": {
      "1": 422,
      "2": 160,
      "3": 50,
      "4": 15,
      "5": 5,
      "6": 1
    },
    "loseStreakDistribution": {
      "1": 230,
      "2": 163,
      "3": 99,
      "4": 54,
      "5": 33,
      "6": 30,
      "7": 16,
      "8": 9,
      "9": 4,
      "10": 6,
      "11": 1,
      "12": 2,
      "13": 1,
      "14": 3,
      "15": 1,
      "16": 1
    },
    "recoveryDays": [
      1,
      1,
      1,
      2,
      1,
      1,
      4,
      1,
      1,
      1,
      1,
      2,
      5,
      1,
      1,
      1,
      4,
      1,
      2,
      1,
      1,
      1,
      4,
      1,
      1,
      1,
      1,
      4,
      1,
      1,
      1,
      1,
      2,
      8,
      1,
      1,
      1,
      1,
      7,
      1,
      1,
      1,
      23,
      47,
      1,
      1,
      1,
      1,
      1,
      2,
      1,
      1,
      2,
      1,
      1,
      1,
      1,
      3,
      1,
      1,
      1,
      1,
      1,
      1,
      1,
      1,
      1,
      13,
      1,
      1,
      3,
      1,
      1,
      25,
      1,
      4,
      1,
      1,
      3,
      1,
      1,
      1,
      8,
      1,
      1,
      1,
      1,
      7,
      4,
      2,
      1,
      1,
      1,
      1,
      3,
      1,
      4,
      1,
      3,
      1,
      2,
      4,
      54,
      1,
      1,
      1,
      1,
      4,
      1,
      1,
      8,
      1,
      1,
      6,
      1,
      23,
      1,
      1,
      3,
      1,
      1,
      1,
      11,
      1
    ]
  },
  "monthlyAnalysis": [
    {
      "month": "2024-11",
      "trades": 34,
      "wins": 14,
      "winRate": 41.17647058823529,
      "pnl": 36.41924643778214,
      "maxDrawdown": 2.023191360515679
    },
    {
      "month": "2024-12",
      "trades": 238,
      "wins": 91,
      "winRate": 38.23529411764706,
      "pnl": 236.76104815587487,
      "maxDrawdown": 4.911878987136033
    },
    {
      "month": "2025-01",
      "trades": 212,
      "wins": 78,
      "winRate": 36.79245283018868,
      "pnl": 66.47048239889476,
      "maxDrawdown": 5.7799478528284
    },
    {
      "month": "2025-02",
      "trades": 211,
      "wins": 63,
      "winRate": 29.85781990521327,
      "pnl": -31.792713154241515,
      "maxDrawdown": 10.344939276687406
    },
    {
      "month": "2025-03",
      "trades": 211,
      "wins": 81,
      "winRate": 38.388625592417064,
      "pnl": 120.45030577236759,
      "maxDrawdown": 12.19857583450506
    },
    {
      "month": "2025-04",
      "trades": 246,
      "wins": 87,
      "winRate": 35.36585365853659,
      "pnl": 332.75471122088345,
      "maxDrawdown": 10.10224722627108
    },
    {
      "month": "2025-05",
      "trades": 213,
      "wins": 75,
      "winRate": 35.2112676056338,
      "pnl": 81.37650449297459,
      "maxDrawdown": 10.23841481470124
    },
    {
      "month": "2025-06",
      "trades": 248,
      "wins": 90,
      "winRate": 36.29032258064516,
      "pnl": 125.45540877056767,
      "maxDrawdown": 6.091552493080406
    },
    {
      "month": "2025-07",
      "trades": 252,
      "wins": 87,
      "winRate": 34.523809523809526,
      "pnl": 13.541360844480591,
      "maxDrawdown": 10.649808367127884
    },
    {
      "month": "2025-08",
      "trades": 215,
      "wins": 71,
      "winRate": 33.02325581395349,
      "pnl": 6.6777936591216775,
      "maxDrawdown": 12.441833020645484
    },
    {
      "month": "2025-09",
      "trades": 261,
      "wins": 94,
      "winRate": 36.015325670498086,
      "pnl": 139.3185535254151,
      "maxDrawdown": 3.935798939928306
    },
    {
      "month": "2025-10",
      "trades": 239,
      "wins": 78,
      "winRate": 32.63598326359833,
      "pnl": 23.577164033431536,
      "maxDrawdown": 4.76184072380607
    },
    {
      "month": "2025-11",
      "trades": 218,
      "wins": 74,
      "winRate": 33.94495412844037,
      "pnl": -5.937853047729456,
      "maxDrawdown": 7.767107435295788
    }
  ],
  "sessionAnalysis": [
    {
      "session": "LONDON",
      "trades": 781,
      "wins": 277,
      "winRate": 35.46734955185659,
      "pnl": 591.3332033146321,
      "avgPnl": 0.7571487878548426,
      "maxDrawdown": 8.272452109493047,
      "profitFactor": 1.2509749398360104
    },
    {
      "session": "NY",
      "trades": 446,
      "wins": 183,
      "winRate": 41.03139013452915,
      "pnl": 208.19329388245933,
      "avgPnl": 0.46680110735977426,
      "maxDrawdown": 10.943001769108953,
      "profitFactor": 1.1666724340482606
    },
    {
      "session": "ASIAN",
      "trades": 982,
      "wins": 327,
      "winRate": 33.29938900203666,
      "pnl": 165.0408986124994,
      "avgPnl": 0.16806608820010122,
      "maxDrawdown": 16.487897418398326,
      "profitFactor": 1.078902486604895
    },
    {
      "session": "OVERLAP",
      "trades": 397,
      "wins": 132,
      "winRate": 33.249370277078086,
      "pnl": 159.06367275935463,
      "avgPnl": 0.4006641631218001,
      "maxDrawdown": 13.711360955008598,
      "profitFactor": 1.0969717466538236
    }
  ],
  "riskMetrics": {
    "sharpeRatio": 2.7796775183586915,
    "sortinoRatio": 2.9345202508092845,
    "calmarRatio": 8.09329212686172,
    "profitFactor": 1.1495887741200772,
    "riskOfRuin": 6.184025713344243e-7,
    "maxConsecutiveLosses": 16,
    "avgRecoveryDays": 3.2419354838709675,
    "maxDrawdownPct": 14.14840827639607
  },
  "monteCarlo": {
    "percentile5": 478.49505313790405,
    "percentile25": 856.2328997415361,
    "median": 1118.1754698680134,
    "percentile75": 1422.3021863273552,
    "percentile95": 1752.935572609405,
    "probabilityOfProfit": 99.9,
    "avgMaxDrawdown": 15.552220325996439
  },
  "outOfSample": {
    "inSamplePnL": 886.1379447608615,
    "outOfSamplePnL": 258.939013366627,
    "inSamplePF": 1.1509726095051727,
    "outOfSamplePF": 1.145042239003018,
    "inSampleWR": 35.24251805985552,
    "outOfSampleWR": 34.883720930232556,
    "isConsistent": true
  },
  "recommendations": [
    "✅ Win rate de 35.1% es bueno para MR.",
    "✅ Win/Loss ratio de 2.12 es sólido.",
    "🔴 Max losing streak de 16 es alto.",
    "✅ 11/13 meses positivos. Excelente consistencia.",
    "✅ Max drawdown 14.1% es bajo.",
    "✅ Sharpe Ratio 2.78 es excelente.",
    "✅ Monte Carlo: 99.9% prob. de ganancia.",
    "✅ OOS validación pasada. PF ratio: 0.99",
    "💡 Mejor sesión: LONDON (PF: 1.25)",
    "🟡 Forward test con precaución. Usar stake 1-2%."
  ]
}